{
  "comments": [
      {
          "id": 1,
          "name": "Maria",
          "comment": "I was very glad to have you after such a long time. Can you plan a meetup? Maybe this weekend?",
          "profileImg": "/assets/user1.png",
          "likes": 3,
          "replies": [
              {
                  "id": 1,
                  "name": "Jonas",
                  "profileImg": "",
                  "likes": 2
              },
              {

              }
          ],
          "isRemovable": true

      },
      {
          "id": 2,
          "name": "Alex Benjamin",
          "comment": "Home sweet home! I'm glad you are back. It's been two year and miss the football matches we have together. A lot has been changed since you left. Let's meet at the ground tomorrow evening?",
          "profileImg": "/assets/user2.png",
          "likes": 1,
          "replies": [],
          "isRemovable": false
      },
      {
          "id": 3,
          "name": "Tania",
          "comment": "Hey bud, welcome back to home. It's so long to see you back again. Would love to hear the travelling stories of yours. Your or my place?",
          "profileImg": "/assets/user3.png",
          "likes": 3,
          "replies": [
              {
                  "id": 1,
                  "name": "ahmad",
                  "profileImg": "",
                  "likes": 2
              },
              {

              }
          ],
          "isRemovable": false
      }
  ]
}